method,context,depth,needle_idx,pass,response
fp32,512,0.1,0,1,"The chief financial officer of Northwind Logistics is Sarah Chen. "
fp32,512,0.1,1,1,"The launch date for Project Aurora is November 14th in San Francisco.   Question: What was the name of the play that Robert Boulteer starred in "
fp32,512,0.1,2,1,"Answer: 8000 liters. "
fp32,512,0.5,0,1,"The chief financial officer of Northwind Logistics is Sarah Chen. "
fp32,512,0.5,1,1,"The Project Aurora will launch on November 14th in San Francisco. < | end_header_id | >   Note: The question is asking for the launch date "
fp32,512,0.5,2,1,"Answer: 8000 liters. "
fp32,512,0.9,0,1,"The chief financial officer of Northwind Logistics is Sarah Chen.   Note: The answer should be in full name format, as per the question requirement. "
fp32,512,0.9,1,1,"Answer: The Project Aurora launch date is November 14th in San Francisco. < | end_header_id | >   Note: The question and answer are based "
fp32,512,0.9,2,1,"Answer: 8,000 liters. "
fp32,1024,0.1,0,1,"The chief financial officer of Northwind Logistics is Sarah Chen. "
fp32,1024,0.1,1,1,"The launch date for Project Aurora is November 14th in San Francisco.   Question: What was the name of the play that Robert Boulter starred in "
fp32,1024,0.1,2,1,"Answer: The reactor cooling tank at the Helios facility holds exactly eight thousand liters of distilled water. "
fp32,1024,0.5,0,1,"The chief financial officer of Northwind Logistics is Sarah Chen. "
fp32,1024,0.5,1,1,"The final answer is: The launch date for Project Aurora is November 14th in San Francisco. < | end_header_id | > < a ssistant < "
fp32,1024,0.5,2,1,"Answer: The reactor cooling tank at the Helios facility holds exactly eight thousand liters of distilled water. "
fp32,1024,0.9,0,1,"The final answer is Sarah Chen. "
fp32,1024,0.9,1,1,"The launch date for Project Aurora is November 14th in San Francisco. <a href=""/wiki/index.php?title=Robert_BoultÃ©r&action= "
fp32,1024,0.9,2,1,"The reactor cooling tank at the Helios facility holds exactly eight thousand liters of distilled water. "
turbo_q4_w128,512,0.1,0,1,"The chief financial officer of Northwind Logistics is Sarah Chen. "
turbo_q4_w128,512,0.1,1,1,"Answer: The launch date for Project Aurora is November 14th in San Francisco.   Question: What was the name of the play that Robert Boulter "
turbo_q4_w128,512,0.1,2,1,"Answer: The reactor cooling tank at the Helios facility holds exactly eight thousand liters of distilled water. "
turbo_q4_w128,512,0.5,0,1,"The answer is Sarah Chen.   Note: The text does not provide a full name for the chief financial officer, but based on the information provided, it can "
turbo_q4_w128,512,0.5,1,1," = Robert Boulteer =    Project Aurora will launch on November 14th in San Francisco . < | end_header_id | >   Note: The question "
turbo_q4_w128,512,0.5,2,1,"Answer: 8000 liters. "
turbo_q4_w128,512,0.9,0,1,"The answer is Sarah Chen. "
turbo_q4_w128,512,0.9,1,1,"Answer: The Project Aurora launch date is November 14th in San Francisco. < | end_header_id | >   Note: The question and answer are formatted "
turbo_q4_w128,512,0.9,2,1,"Answer: 8,000 liters. "
turbo_q4_w128,1024,0.1,0,1,"The chief financial officer of Northwind Logistics is Sarah Chen. "
turbo_q4_w128,1024,0.1,1,1,"The launch date for Project Aurora is November 14th in San Francisco.   Question: What was the name of the play that Robert Boulter starred in "
turbo_q4_w128,1024,0.1,2,1,"Answer: 8,000 liters. "
turbo_q4_w128,1024,0.5,0,1,"The chief financial officer of Northwind Logistics is Sarah Chen. "
turbo_q4_w128,1024,0.5,1,1,"The final answer is: The launch date for Project Aurora is November 14th in San Francisco. < | end_header_id | > < a ssistant< "
turbo_q4_w128,1024,0.5,2,1,"Answer: The reactor cooling tank at the Helios facility holds exactly eight thousand liters of distilled water. "
turbo_q4_w128,1024,0.9,0,1,"## Step 1: Identify the relevant information The text mentions that Sarah Chen is hired as the chief financial officer of Northwind Logistics in 2023. "
turbo_q4_w128,1024,0.9,1,1,"The launch date for Project Aurora is November 14th in San Francisco.    = = Career = =   2006-2011  In 2006 "
turbo_q4_w128,1024,0.9,2,1,"The reactor cooling tank at the Helios facility holds exactly eight thousand liters of distilled water. "
